-- phpMyAdmin SQL Dump
-- version 5.2.1
-- https://www.phpmyadmin.net/
--
-- Host: 127.0.0.1
-- Generation Time: Jan 05, 2025 at 08:29 AM
-- Server version: 10.4.32-MariaDB
-- PHP Version: 8.2.12

SET SQL_MODE = "NO_AUTO_VALUE_ON_ZERO";
START TRANSACTION;
SET time_zone = "+00:00";


/*!40101 SET @OLD_CHARACTER_SET_CLIENT=@@CHARACTER_SET_CLIENT */;
/*!40101 SET @OLD_CHARACTER_SET_RESULTS=@@CHARACTER_SET_RESULTS */;
/*!40101 SET @OLD_COLLATION_CONNECTION=@@COLLATION_CONNECTION */;
/*!40101 SET NAMES utf8mb4 */;

--
-- Database: `inputmhs`
--

-- --------------------------------------------------------

--
-- Table structure for table `inputmhs`
--

CREATE TABLE `inputmhs` (
  `id` int(11) NOT NULL,
  `nim` varchar(20) NOT NULL,
  `nama` varchar(100) NOT NULL,
  `ipk` float NOT NULL
) ENGINE=InnoDB DEFAULT CHARSET=utf8mb4 COLLATE=utf8mb4_general_ci;

--
-- Dumping data for table `inputmhs`
--

INSERT INTO `inputmhs` (`id`, `nim`, `nama`, `ipk`) VALUES
(3, 'A11.2021.134567', 'andre', 4),
(4, 'A11.2021.13888', 'bahrul', 3.8),
(5, 'A11.2021.13899', 'hida', 5),
(6, 'A11.2022.1456789', 'aruk', 3.7);

-- --------------------------------------------------------

--
-- Table structure for table `jwl_matakuliah`
--

CREATE TABLE `jwl_matakuliah` (
  `id` int(11) NOT NULL,
  `matakuliah` varchar(250) NOT NULL,
  `sks` int(11) NOT NULL,
  `kelp` varchar(10) DEFAULT NULL,
  `ruangan` varchar(5) DEFAULT NULL
) ENGINE=InnoDB DEFAULT CHARSET=utf8mb4 COLLATE=utf8mb4_general_ci;

--
-- Dumping data for table `jwl_matakuliah`
--

INSERT INTO `jwl_matakuliah` (`id`, `matakuliah`, `sks`, `kelp`, `ruangan`) VALUES
(1, 'Dasar Pemrograman', 3, 'A', 'H6.3'),
(2, 'Kalkulus', 3, 'B', 'H6.2'),
(3, 'Fisika', 2, 'C', 'H6.1'),
(4, 'Pemrograman Web', 3, 'A11', 'H.5.5'),
(5, 'Basis Data', 3, 'A11', 'H.5.2'),
(6, 'Algoritma', 4, 'A11', 'H.5.1'),
(7, 'Matematika Diskrit', 3, 'A11', 'H.5.3'),
(8, 'Struktur Data', 4, 'A11', 'H.5.4'),
(9, 'Sistem Operasi', 3, 'A11', 'H.5.6'),
(10, 'Jaringan Komputer', 3, 'A11', 'H.5.7'),
(11, 'Pemrograman Berorientasi Objek', 4, 'A11', 'H.5.8'),
(12, 'Analisis Algoritma', 3, 'A11', 'H.5.9'),
(13, 'Interaksi Manusia dan Komputer', 3, 'A11', 'H.5.1');

-- --------------------------------------------------------

--
-- Table structure for table `jwl_mhs`
--

CREATE TABLE `jwl_mhs` (
  `id` int(11) NOT NULL,
  `mhs_id` int(11) NOT NULL,
  `matakuliah_id` int(11) NOT NULL
) ENGINE=InnoDB DEFAULT CHARSET=utf8mb4 COLLATE=utf8mb4_general_ci;

--
-- Dumping data for table `jwl_mhs`
--

INSERT INTO `jwl_mhs` (`id`, `mhs_id`, `matakuliah_id`) VALUES
(1, 3, 1),
(2, 3, 3),
(3, 4, 9),
(4, 4, 7),
(5, 3, 10),
(6, 4, 5),
(7, 4, 2),
(8, 5, 2),
(9, 5, 5),
(10, 5, 9);

--
-- Indexes for dumped tables
--

--
-- Indexes for table `inputmhs`
--
ALTER TABLE `inputmhs`
  ADD PRIMARY KEY (`id`);

--
-- Indexes for table `jwl_matakuliah`
--
ALTER TABLE `jwl_matakuliah`
  ADD PRIMARY KEY (`id`);

--
-- Indexes for table `jwl_mhs`
--
ALTER TABLE `jwl_mhs`
  ADD PRIMARY KEY (`id`),
  ADD KEY `mhs_id` (`mhs_id`),
  ADD KEY `jwl_mhs_ibfk_2` (`matakuliah_id`);

--
-- AUTO_INCREMENT for dumped tables
--

--
-- AUTO_INCREMENT for table `inputmhs`
--
ALTER TABLE `inputmhs`
  MODIFY `id` int(11) NOT NULL AUTO_INCREMENT, AUTO_INCREMENT=7;

--
-- AUTO_INCREMENT for table `jwl_matakuliah`
--
ALTER TABLE `jwl_matakuliah`
  MODIFY `id` int(11) NOT NULL AUTO_INCREMENT, AUTO_INCREMENT=14;

--
-- AUTO_INCREMENT for table `jwl_mhs`
--
ALTER TABLE `jwl_mhs`
  MODIFY `id` int(11) NOT NULL AUTO_INCREMENT, AUTO_INCREMENT=11;

--
-- Constraints for dumped tables
--

--
-- Constraints for table `jwl_mhs`
--
ALTER TABLE `jwl_mhs`
  ADD CONSTRAINT `jwl_mhs_ibfk_1` FOREIGN KEY (`mhs_id`) REFERENCES `inputmhs` (`id`) ON DELETE CASCADE,
  ADD CONSTRAINT `jwl_mhs_ibfk_2` FOREIGN KEY (`matakuliah_id`) REFERENCES `jwl_matakuliah` (`id`) ON DELETE CASCADE;
COMMIT;

/*!40101 SET CHARACTER_SET_CLIENT=@OLD_CHARACTER_SET_CLIENT */;
/*!40101 SET CHARACTER_SET_RESULTS=@OLD_CHARACTER_SET_RESULTS */;
/*!40101 SET COLLATION_CONNECTION=@OLD_COLLATION_CONNECTION */;
